﻿43,0,9,0,146,40,2,17,16,17,48,10,48,9,9,12,32
,,,,,,,,,,,,,,,,
43,9.39%,There is no school / classrooms,,,,,,,,,,,,,,
0,0.00%,There are no teachers,,,,,,,,,,,,,,
9,1.03%,The community is afraid of taking children to school ,,,,,,,,,,,,,,
0,0.00%,There are no school materials,,,,,,,,,,,,,,
146,16.90%,Cost of school fees is too high,,,,,,,,,,,,,,
40,5.57%,Cost of school uniform is too high,,,,,,,,,,,,,,
2,0.29%,"Due to COVID-19, specify",,,,,,,,,,,,,,
17,2.51%,"Other, specify",,,,,,,,,,,,,,
16,2.43%,Don't know / did not answer ,,,,,,,,,,,,,,
17,2.64%,refused school,,,,,,,,,,,,,,
48,7.67%,Too_far,,,,,,,,,,,,,,
10,1.73%,No id,,,,,,,,,,,,,,
48,8.45%,Don't want to send,,,,,,,,,,,,,,
9,1.73%,Impairment,,,,,,,,,,,,,,
9,1.76%,Works,,,,,,,,,,,,,,
12,2.39%,No school girl,,,,,,,,,,,,,,
32,6.53%,No school age,,,,,,,,,,,,,,
458,100.00%,,,,,,,,,,,,,,,
