﻿pseudo_hh_id,pseudo_indv_id,sex,age,speaking,reading,listening,writing,speaking_eng,reading_eng,listening_eng,writing_eng,does_he_she_attend_school,what_is_the_reason_that_your_c,what_is_the_highest_level_of_e,is_the_school_a_public_school_,tuiti_s_child_per_semester,classroom_or_remote,if_given_the_opportunity_woul,which_year_d_art_attending_scho,which_stage_of_education_is_th,fees_t_school_kindergarten,which_specific_year_is_your_ch,child_have_xue_ji,does_your_child_attend_final_t,why_not,does_your_child_enjoy_school,whynot_s_he_does_not_understand,whynot_s_he_does_not_have_frien,whynot_the_classes_are_too_diff,whynot_other_reasons,weight
1,NA,NA,NA,NA,NA,NA,NA,NA,NA,NA,NA,NA,NA,NA,NA,NA,NA,NA,NA,NA,NA,NA,NA,NA,NA,NA,NA,NA,NA,NA,1.694444444
2,19,female,10-ธ.ค.,easy,not_easy,not_easy,not_easy,none,none,none,none,no,my_child_cannot_continue_after,6,NA,NA,NA,NA,NA,NA,NA,NA,NA,NA,NA,NA,NA,NA,NA,NA,1.694444444
3,7,male,3 or younger,none,none,none,none,easy,not_easy,easy,none,yes,NA,NA,public_school,NA,NA,NA,6/9/2021 0:00,pre_school_kindergarten,7990,NA,i_do_not_know__i_do_not_understand_what_,no,my_child_just_started_year_1_t,yes,NA,NA,NA,NA,1.694444444
4,27,female,13 or older,easy,easy,easy,not_easy,not_easy,not_easy,not_easy,not_easy,yes,NA,NA,public_school,NA,NA,NA,29/11/2018 0:00,junior_high_school__year_7_9,NA,7,i_do_not_know__i_do_not_understand_what_,yes,NA,yes,NA,NA,NA,NA,1.694444444
5,46,female,10-ธ.ค.,easy,not_easy,not_easy,not_easy,none,none,none,none,yes,NA,NA,private_school,4000,classroom_learning,yes,21/9/2015 0:00,primary_school,NA,6,no,no,the_school_does_not_allow_him_,no,0,0,1,0,1.694444444
6,48,male,7-ก.ย.,easy,easy,easy,easy,easy,easy,easy,easy,yes,NA,NA,public_school,NA,NA,NA,1/9/2021 0:00,primary_school,NA,1,no,no,my_child_just_started_year_1_t,yes,NA,NA,NA,NA,1.694444444
7,28,female,13 or older,not_easy,easy,easy,easy,easy,easy,easy,not_easy,no,the_school_cannot_enrol_my_chi,8,NA,NA,NA,NA,NA,NA,NA,NA,NA,NA,NA,NA,NA,NA,NA,NA,1.694444444
7,39,female,13 or older,easy,not_easy,easy,easy,easy,easy,easy,easy,no,the_school_cannot_enrol_my_chi,6,NA,NA,NA,NA,NA,NA,NA,NA,NA,NA,NA,NA,NA,NA,NA,NA,1.694444444
7,61,female,4-มิ.ย.,not_easy,none,easy,none,not_easy,none,easy,none,no,the_school_cannot_enrol_my_chi,0,NA,NA,NA,NA,NA,NA,NA,NA,NA,NA,NA,NA,NA,NA,NA,NA,1.694444444
8,55,female,10-ธ.ค.,easy,easy,easy,not_easy,not_easy,not_easy,not_easy,easy,yes,NA,NA,private_school,4000,classroom_learning,yes,21/9/2015 0:00,primary_school,NA,6,no,no,the_school_does_not_allow_him_,yes,NA,NA,NA,NA,1.694444444
9,42,male,3 or younger,none,none,none,none,none,none,none,none,no,the_tuition_fee_is_too_expensi,0,NA,NA,NA,NA,NA,NA,NA,NA,NA,NA,NA,NA,NA,NA,NA,NA,1.694444444
9,59,female,4-มิ.ย.,easy,not_easy,easy,none,easy,easy,easy,none,no,my_child_has_completed_junior_,0,NA,NA,NA,NA,NA,NA,NA,NA,NA,NA,NA,NA,NA,NA,NA,NA,1.694444444
10,25,male,4-มิ.ย.,none,none,easy,none,not_easy,none,easy,none,no,the_school_cannot_enrol_my_chi,0,NA,NA,NA,NA,NA,NA,NA,NA,NA,NA,NA,NA,NA,NA,NA,NA,1.694444444
10,38,male,4-มิ.ย.,none,none,easy,none,not_easy,none,easy,none,no,the_school_cannot_enrol_my_chi,0,NA,NA,NA,NA,NA,NA,NA,NA,NA,NA,NA,NA,NA,NA,NA,NA,1.694444444
11,26,male,7-ก.ย.,easy,easy,easy,easy,easy,easy,easy,easy,yes,NA,NA,private_school,12000,classroom_learning,yes,1/9/2021 0:00,primary_school,NA,7,no,no,my_child_just_started_year_1_t,yes,NA,NA,NA,NA,1.694444444
11,20,female,4-มิ.ย.,easy,easy,easy,easy,easy,easy,easy,easy,yes,NA,NA,private_school,10000,classroom_learning,yes,1/9/2021 0:00,pre_school_kindergarten,10000,NA,no,no,there_are_no_final_term_exams,yes,NA,NA,NA,NA,1.694444444
12,11,male,10-ธ.ค.,easy,easy,easy,easy,easy,easy,easy,easy,yes,NA,NA,public_school,NA,NA,NA,1/9/2016 0:00,primary_school,NA,6,yes,yes,NA,i_do_not_know,NA,NA,NA,NA,1.694444444
12,54,female,13 or older,easy,easy,easy,easy,easy,easy,easy,easy,yes,NA,NA,public_school,NA,NA,NA,1/9/2013 0:00,junior_high_school__year_7_9,NA,9,no,yes,NA,i_do_not_know,NA,NA,NA,NA,1.694444444
12,56,female,4-มิ.ย.,not_easy,none,not_easy,none,none,none,none,none,yes,NA,NA,public_school,NA,NA,NA,22/2/2021 0:00,pre_school_kindergarten,3775,NA,yes,yes,NA,yes,NA,NA,NA,NA,1.694444444
12,37,female,7-ก.ย.,easy,easy,easy,easy,not_easy,not_easy,not_easy,not_easy,yes,NA,NA,public_school,NA,NA,NA,1/9/2019 0:00,primary_school,NA,3,yes,yes,NA,i_do_not_know,NA,NA,NA,NA,1.694444444
13,17,male,10-ธ.ค.,easy,not_easy,easy,not_easy,not_easy,easy,easy,easy,yes,NA,NA,public_school,NA,NA,NA,3/9/2021 0:00,primary_school,NA,11,yes,no,my_child_just_started_year_1_t,yes,NA,NA,NA,NA,1.694444444
13,21,female,7-ก.ย.,not_easy,not_easy,easy,not_easy,not_easy,easy,easy,easy,yes,NA,NA,public_school,NA,NA,NA,3/9/2021 0:00,primary_school,NA,9,yes,no,my_child_just_started_year_1_t,yes,NA,NA,NA,NA,1.694444444
14,6,female,13 or older,easy,easy,easy,not_easy,not_easy,not_easy,not_easy,not_easy,yes,NA,NA,public_school,NA,NA,NA,29/11/2018 0:00,junior_high_school__year_7_9,NA,7,i_do_not_know__i_do_not_understand_what_,yes,NA,yes,NA,NA,NA,NA,1.694444444
15,50,female,4-มิ.ย.,easy,not_easy,not_easy,not_easy,easy,not_easy,not_easy,not_easy,yes,NA,NA,private_school,12000,classroom_learning,yes,3/10/2015 0:00,pre_school_kindergarten,9000,NA,i_do_not_know__i_do_not_understand_what_,yes,NA,yes,NA,NA,NA,NA,1.694444444
16,9,female,10-ธ.ค.,easy,not_easy,not_easy,not_easy,none,none,none,none,yes,NA,NA,private_school,12000,remote_online_learning,yes,3/10/2015 0:00,pre_school_kindergarten,12000,NA,i_do_not_know__i_do_not_understand_what_,yes,NA,yes,NA,NA,NA,NA,1.694444444
16,15,female,10-ธ.ค.,easy,not_easy,not_easy,not_easy,none,none,none,none,yes,NA,NA,private_school,12000,classroom_learning,yes,3/10/2015 0:00,pre_school_kindergarten,12000,NA,i_do_not_know__i_do_not_understand_what_,yes,NA,yes,NA,NA,NA,NA,1.694444444
17,18,male,4-มิ.ย.,none,none,easy,none,not_easy,none,easy,none,no,the_school_cannot_enrol_my_chi,0,NA,NA,NA,NA,NA,NA,NA,NA,NA,NA,NA,NA,NA,NA,NA,NA,1.694444444
17,45,male,4-มิ.ย.,none,none,easy,none,not_easy,none,easy,none,no,the_school_cannot_enrol_my_chi,0,NA,NA,NA,NA,NA,NA,NA,NA,NA,NA,NA,NA,NA,NA,NA,NA,1.694444444
18,49,male,10-ธ.ค.,easy,easy,easy,easy,easy,easy,easy,easy,yes,NA,NA,public_school,NA,NA,NA,1/9/2017 0:00,primary_school,NA,5,i_do_not_know__i_do_not_understand_what_,yes,NA,yes,NA,NA,NA,NA,1.694444444
18,47,female,4-มิ.ย.,easy,none,easy,none,not_easy,none,not_easy,none,no,my_child_has_completed_junior_,0,NA,NA,NA,NA,NA,NA,NA,NA,NA,NA,NA,NA,NA,NA,NA,NA,1.694444444
18,35,male,13 or older,easy,easy,easy,easy,easy,easy,easy,easy,yes,NA,NA,public_school,NA,NA,NA,1/9/2013 0:00,junior_high_school__year_7_9,NA,9,i_do_not_know__i_do_not_understand_what_,yes,NA,yes,NA,NA,NA,NA,1.694444444
19,53,female,10-ธ.ค.,easy,easy,none,none,none,none,none,none,yes,NA,NA,private_school,4000,classroom_learning,yes,20/9/2015 0:00,primary_school,NA,6,no,no,the_school_does_not_allow_him_,no,0,0,1,0,1.694444444
20,22,male,3 or younger,easy,none,easy,none,easy,easy,easy,easy,no,the_tuition_fee_is_too_expensi,1,NA,NA,NA,NA,NA,NA,NA,NA,NA,NA,NA,NA,NA,NA,NA,NA,1.694444444
21,2,female,4-มิ.ย.,easy,none,easy,none,easy,none,easy,none,yes,NA,NA,private_school,6000,classroom_learning,yes,1/3/2021 0:00,pre_school_kindergarten,6000,NA,i_do_not_know__i_do_not_understand_what_,no,there_are_no_final_term_exams,yes,NA,NA,NA,NA,1.694444444
22,10,male,10-ธ.ค.,not_easy,not_easy,not_easy,not_easy,not_easy,not_easy,not_easy,not_easy,yes,NA,NA,public_school,NA,NA,NA,8/10/2019 0:00,primary_school,NA,11,yes,yes,NA,yes,NA,NA,NA,NA,1.694444444
22,44,male,10-ธ.ค.,not_easy,not_easy,not_easy,not_easy,not_easy,not_easy,not_easy,not_easy,yes,NA,NA,public_school,NA,NA,NA,8/10/2019 0:00,primary_school,NA,12,yes,yes,NA,yes,NA,NA,NA,NA,1.694444444
22,4,female,10-ธ.ค.,not_easy,not_easy,not_easy,not_easy,not_easy,not_easy,not_easy,not_easy,yes,NA,NA,public_school,NA,NA,NA,8/10/2019 0:00,primary_school,NA,10,yes,yes,NA,yes,NA,NA,NA,NA,1.694444444
23,23,male,7-ก.ย.,easy,none,none,none,none,none,none,none,no,the_tuition_fee_is_too_expensi,7,NA,NA,NA,NA,NA,NA,NA,NA,NA,NA,NA,NA,NA,NA,NA,NA,1.694444444
23,1,male,4-มิ.ย.,not_easy,none,none,none,none,none,none,none,no,the_tuition_fee_is_too_expensi,1,NA,NA,NA,NA,NA,NA,NA,NA,NA,NA,NA,NA,NA,NA,NA,NA,1.694444444
24,51,female,13 or older,easy,easy,easy,not_easy,not_easy,not_easy,not_easy,not_easy,yes,NA,NA,public_school,NA,NA,NA,29/11/2018 0:00,junior_high_school__year_7_9,NA,7,i_do_not_know__i_do_not_understand_what_,yes,NA,yes,NA,NA,NA,NA,1.694444444
25,3,female,NA,none,not_easy,not_easy,none,not_easy,not_easy,easy,none,no,the_tuition_fee_is_too_expensi,0,NA,NA,NA,NA,NA,NA,NA,NA,NA,NA,NA,NA,NA,NA,NA,NA,1.694444444
26,58,male,10-ธ.ค.,none,none,none,none,not_easy,not_easy,not_easy,not_easy,no,the_tuition_fee_is_too_expensi,0,NA,NA,NA,NA,NA,NA,NA,NA,NA,NA,NA,NA,NA,NA,NA,NA,1.694444444
27,43,female,7-ก.ย.,easy,not_easy,easy,not_easy,easy,easy,easy,easy,yes,NA,NA,public_school,NA,NA,NA,21/9/2021 0:00,primary_school,NA,3,no,yes,NA,yes,NA,NA,NA,NA,1.694444444
28,13,male,7-ก.ย.,not_easy,not_easy,easy,not_easy,easy,easy,easy,easy,yes,NA,NA,private_school,18000,remote_online_learning,yes,20/4/2020 0:00,primary_school,NA,2,i_do_not_know__i_do_not_understand_what_,yes,NA,yes,NA,NA,NA,NA,1.694444444
28,41,male,13 or older,not_easy,not_easy,easy,not_easy,easy,easy,easy,easy,yes,NA,NA,private_school,24000,remote_online_learning,yes,20/4/2012 0:00,junior_high_school__year_7_9,NA,9,i_do_not_know__i_do_not_understand_what_,yes,NA,yes,NA,NA,NA,NA,1.694444444
28,12,female,13 or older,not_easy,not_easy,easy,not_easy,easy,easy,easy,easy,yes,NA,NA,private_school,24000,remote_online_learning,yes,20/4/2014 0:00,junior_high_school__year_7_9,NA,7,i_do_not_know__i_do_not_understand_what_,yes,NA,yes,NA,NA,NA,NA,1.694444444
28,32,female,10-ธ.ค.,not_easy,not_easy,easy,not_easy,easy,easy,easy,easy,yes,NA,NA,private_school,20000,remote_online_learning,yes,20/4/2017 0:00,primary_school,NA,5,i_do_not_know__i_do_not_understand_what_,yes,NA,yes,NA,NA,NA,NA,1.694444444
29,57,female,13 or older,none,none,none,none,easy,easy,easy,easy,no,my_child_has_completed_junior_,6,NA,NA,NA,NA,NA,NA,NA,NA,NA,NA,NA,NA,NA,NA,NA,NA,1.694444444
29,36,male,13 or older,none,none,none,none,easy,easy,easy,easy,no,my_child_has_completed_junior_,4,NA,NA,NA,NA,NA,NA,NA,NA,NA,NA,NA,NA,NA,NA,NA,NA,1.694444444
29,16,female,7-ก.ย.,none,none,none,none,none,none,none,none,yes,NA,NA,public_school,NA,NA,NA,1/9/2021 0:00,primary_school,NA,8,yes,no,my_child_just_started_year_1_t,yes,NA,NA,NA,NA,1.694444444
30,34,male,4-มิ.ย.,none,none,none,none,none,none,none,none,no,the_school_cannot_enrol_my_chi,0,NA,NA,NA,NA,NA,NA,NA,NA,NA,NA,NA,NA,NA,NA,NA,NA,1.694444444
30,5,female,13 or older,easy,not_easy,not_easy,not_easy,none,none,none,none,no,my_child_has_completed_junior_,0,NA,NA,NA,NA,NA,NA,NA,NA,NA,NA,NA,NA,NA,NA,NA,NA,1.694444444
31,33,male,10-ธ.ค.,not_easy,none,not_easy,none,not_easy,not_easy,easy,none,yes,NA,NA,public_school,NA,NA,NA,1/9/2021 0:00,primary_school,NA,6,i_do_not_know__i_do_not_understand_what_,no,other_reasons,yes,NA,NA,NA,NA,1.694444444
32,52,female,NA,none,none,none,none,none,none,none,none,no,my_child_has_completed_junior_,0,NA,NA,NA,NA,NA,NA,NA,NA,NA,NA,NA,NA,NA,NA,NA,NA,1.694444444
33,24,female,10-ธ.ค.,easy,easy,easy,easy,easy,easy,easy,easy,yes,NA,NA,public_school,NA,NA,NA,1/9/2017 0:00,primary_school,NA,5,yes,yes,NA,yes,NA,NA,NA,NA,1.694444444
33,40,female,4-มิ.ย.,not_easy,none,not_easy,none,not_easy,none,not_easy,none,yes,NA,NA,public_school,NA,NA,NA,1/9/2020 0:00,pre_school_kindergarten,5000,NA,no,no,there_are_no_final_term_exams,yes,NA,NA,NA,NA,1.694444444
34,30,female,4-มิ.ย.,easy,none,easy,none,none,none,easy,none,no,the_school_cannot_enrol_my_chi,1,NA,NA,NA,NA,NA,NA,NA,NA,NA,NA,NA,NA,NA,NA,NA,NA,1.694444444
35,29,female,10-ธ.ค.,easy,easy,easy,none,not_easy,easy,easy,not_easy,yes,NA,NA,private_school,1100,classroom_learning,yes,20/6/2018 0:00,primary_school,NA,4,i_do_not_know__i_do_not_understand_what_,yes,NA,yes,NA,NA,NA,NA,1.694444444
36,60,female,13 or older,easy,easy,easy,not_easy,not_easy,not_easy,not_easy,not_easy,yes,NA,NA,public_school,NA,NA,NA,1/10/2021 0:00,junior_high_school__year_7_9,NA,7,i_do_not_know__i_do_not_understand_what_,yes,NA,yes,NA,NA,NA,NA,1.694444444
,,,,,,,,,,,,,,,,,,,,,,,,,,,,,,,
,,,,,,,,,,,,,,,,,,,,,,,,,,,,,,,
,,,,,,,,,,,,,,,,,,11650,,,,8220.625,,,,,,,,,
