﻿pseudo_parent_id,pseudo_id,sex,age,speaking,reading,listening,writing,speaking_001,reading_001,listening_001,writing_001,does_he_she_attend_school,what_is_why_that_your_c,what_is_highest_level_of_e,is_school_a_public_school,6a_how_much_tuiti_s_child_per_1,6b_is_it_classroo_mote_online_1,given_opportunity_woul,in_which_year_d_art_attending_1,which_stage_of_education_is_th,which_specific_year_is_your_ch,1does_your_child_have_xue_ji,does_your_child_attend_final_t,why_not,does_your_child_enjoy_school,why_not_00s_he_does_not_under_1,why_not_00s_he_does_not_have_1,why_not_00classes_are_too_1,why_not_00oth_whys,weight
1,48,female,12_17,easy,not_easy,easy,not_easy,easy,easy,not_easy,easy,no,my_child_has_completed_junior_,3,NA,NA,NA,NA,NA,NA,NA,NA,NA,NA,NA,NA,NA,NA,NA,16.06153846
1,49,female,5_11,not_easy,none,not_easy,none,none,not_easy,none,not_easy,no,my_child_has_completed_junior_,0,NA,NA,NA,NA,NA,NA,NA,NA,NA,NA,NA,NA,NA,NA,NA,16.06153846
1,62,female,5_11,not_easy,none,not_easy,none,none,not_easy,not_easy,not_easy,no,my_child_has_completed_junior_,0,NA,NA,NA,NA,NA,NA,NA,NA,NA,NA,NA,NA,NA,NA,NA,16.06153846
1,51,male,5_11,easy,not_easy,easy,not_easy,not_easy,not_easy,not_easy,easy,no,my_child_has_completed_junior_,2,NA,NA,NA,NA,NA,NA,NA,NA,NA,NA,NA,NA,NA,NA,NA,16.06153846
10,43,male,5_11,easy,none,none,none,none,none,none,none,no,the_tuition_fee_is_too_expensi,7,NA,NA,NA,NA,NA,NA,NA,NA,NA,NA,NA,NA,NA,NA,NA,16.06153846
10,60,male,5_11,not_easy,none,none,none,none,none,none,none,no,the_tuition_fee_is_too_expensi,1,NA,NA,NA,NA,NA,NA,NA,NA,NA,NA,NA,NA,NA,NA,NA,16.06153846
11,41,male,12_17,not_easy,none,not_easy,none,not_easy,not_easy,easy,none,yes,NA,NA,public_school,NA,NA,NA,1/9/2021 0:00,primary_school,6,i_do_not_know__i_do_not_understand_what_,no,other_reasons,yes,NA,NA,NA,NA,16.06153846
12,53,male,5_11,none,none,easy,none,not_easy,none,easy,none,no,the_school_cannot_enrol_my_chi,0,NA,NA,NA,NA,NA,NA,NA,NA,NA,NA,NA,NA,NA,NA,NA,16.06153846
12,58,male,5_11,none,none,easy,none,not_easy,none,easy,none,no,the_school_cannot_enrol_my_chi,0,NA,NA,NA,NA,NA,NA,NA,NA,NA,NA,NA,NA,NA,NA,NA,16.06153846
13,35,female,0_4,easy,not_easy,not_easy,not_easy,easy,not_easy,not_easy,not_easy,yes,NA,NA,private_school,12000,classroom_learning,yes,3/10/2015 0:00,pre_school_kindergarten,NA,i_do_not_know__i_do_not_understand_what_,yes,NA,yes,NA,NA,NA,NA,16.06153846
14,9,female,5_11,easy,easy,easy,not_easy,not_easy,not_easy,not_easy,easy,yes,NA,NA,private_school,4000,classroom_learning,yes,21/9/2015 0:00,primary_school,6,no,no,the_school_does_not_allow_him_,yes,NA,NA,NA,NA,16.06153846
15,64,female,12_17,easy,easy,easy,not_easy,not_easy,not_easy,not_easy,not_easy,yes,NA,NA,public_school,NA,NA,NA,29/11/2018 0:00,junior_high_school__year_7_9,7,i_do_not_know__i_do_not_understand_what_,yes,NA,yes,NA,NA,NA,NA,16.06153846
16,28,female,5_11,easy,easy,easy,easy,not_easy,not_easy,not_easy,not_easy,yes,NA,NA,public_school,NA,NA,NA,1/9/2019 0:00,primary_school,3,yes,yes,NA,i_do_not_know,NA,NA,NA,NA,16.06153846
16,57,female,12_17,easy,easy,easy,easy,easy,easy,easy,easy,yes,NA,NA,public_school,NA,NA,NA,1/9/2013 0:00,junior_high_school__year_7_9,9,no,yes,NA,i_do_not_know,NA,NA,NA,NA,16.06153846
16,24,female,0_4,not_easy,none,not_easy,none,none,none,none,none,yes,NA,NA,public_school,NA,NA,NA,22/2/2021 0:00,pre_school_kindergarten,NA,yes,yes,NA,yes,NA,NA,NA,NA,16.06153846
16,12,male,5_11,easy,easy,easy,easy,easy,easy,easy,easy,yes,NA,NA,public_school,NA,NA,NA,1/9/2016 0:00,primary_school,6,yes,yes,NA,i_do_not_know,NA,NA,NA,NA,16.06153846
17,34,male,5_11,none,none,none,none,not_easy,not_easy,not_easy,not_easy,no,the_tuition_fee_is_too_expensi,0,NA,NA,NA,NA,NA,NA,NA,NA,NA,NA,NA,NA,NA,NA,NA,16.06153846
18,61,female,5_11,easy,easy,easy,easy,easy,easy,easy,easy,yes,NA,NA,private_school,10000,classroom_learning,yes,1/9/2021 0:00,pre_school_kindergarten,NA,no,no,there_are_no_final_term_exams,yes,NA,NA,NA,NA,16.06153846
18,5,male,5_11,easy,easy,easy,easy,easy,easy,easy,easy,yes,NA,NA,private_school,12000,classroom_learning,yes,1/9/2021 0:00,primary_school,7,no,no,my_child_just_started_year_1_t,yes,NA,NA,NA,NA,16.06153846
19,21,female,5_11,easy,none,easy,none,none,none,easy,none,no,the_school_cannot_enrol_my_chi,1,NA,NA,NA,NA,NA,NA,NA,NA,NA,NA,NA,NA,NA,NA,NA,16.06153846
2,54,male,12_17,easy,easy,easy,easy,easy,easy,easy,easy,yes,NA,NA,public_school,NA,NA,NA,1/9/2013 0:00,junior_high_school__year_7_9,9,no,yes,NA,yes,NA,NA,NA,NA,16.06153846
2,47,female,5_11,easy,easy,easy,easy,not_easy,not_easy,not_easy,not_easy,yes,NA,NA,public_school,NA,NA,NA,1/9/2018 0:00,primary_school,4,no,yes,NA,yes,NA,NA,NA,NA,16.06153846
2,32,female,5_11,easy,easy,easy,easy,not_easy,not_easy,not_easy,not_easy,yes,NA,NA,public_school,NA,NA,NA,1/9/2020 0:00,primary_school,2,no,yes,NA,yes,NA,NA,NA,NA,16.06153846
20,40,female,0_4,none,none,none,none,none,none,none,none,no,my_child_has_completed_junior_,0,NA,NA,NA,NA,NA,NA,NA,NA,NA,NA,NA,NA,NA,NA,NA,16.06153846
21,19,female,NA,easy,not_easy,not_easy,not_easy,none,none,none,none,no,my_child_has_completed_junior_,0,NA,NA,NA,NA,NA,NA,NA,NA,NA,NA,NA,NA,NA,NA,NA,16.06153846
21,15,male,0_4,none,none,none,none,none,none,none,none,no,the_school_cannot_enrol_my_chi,0,NA,NA,NA,NA,NA,NA,NA,NA,NA,NA,NA,NA,NA,NA,NA,16.06153846
22,7,male,5_11,easy,easy,easy,easy,easy,easy,easy,easy,yes,NA,NA,public_school,NA,NA,NA,1/9/2021 0:00,primary_school,1,no,no,my_child_just_started_year_1_t,yes,NA,NA,NA,NA,16.06153846
23,17,female,5_11,easy,not_easy,not_easy,not_easy,none,none,none,none,no,my_child_cannot_continue_after,6,NA,NA,NA,NA,NA,NA,NA,NA,NA,NA,NA,NA,NA,NA,NA,16.06153846
24,10,male,0_4,none,none,none,none,none,none,none,none,no,the_tuition_fee_is_too_expensi,0,NA,NA,NA,NA,NA,NA,NA,NA,NA,NA,NA,NA,NA,NA,NA,16.06153846
24,31,female,5_11,easy,not_easy,easy,none,easy,easy,easy,none,no,my_child_has_completed_junior_,0,NA,NA,NA,NA,NA,NA,NA,NA,NA,NA,NA,NA,NA,NA,NA,16.06153846
25,13,female,5_11,not_easy,none,not_easy,none,not_easy,none,not_easy,none,yes,NA,NA,public_school,NA,NA,NA,1/9/2020 0:00,pre_school_kindergarten,NA,no,no,there_are_no_final_term_exams,yes,NA,NA,NA,NA,16.06153846
25,25,female,5_11,easy,easy,easy,easy,easy,easy,easy,easy,yes,NA,NA,public_school,NA,NA,NA,1/9/2017 0:00,primary_school,5,yes,yes,NA,yes,NA,NA,NA,NA,16.06153846
26,3,female,12_17,not_easy,not_easy,easy,not_easy,easy,easy,easy,easy,yes,NA,NA,private_school,24000,remote_online_learning,yes,20/4/2014 0:00,junior_high_school__year_7_9,7,i_do_not_know__i_do_not_understand_what_,yes,NA,yes,NA,NA,NA,NA,16.06153846
26,22,male,12_17,not_easy,not_easy,easy,not_easy,easy,easy,easy,easy,yes,NA,NA,private_school,24000,remote_online_learning,yes,20/4/2012 0:00,junior_high_school__year_7_9,9,i_do_not_know__i_do_not_understand_what_,yes,NA,yes,NA,NA,NA,NA,16.06153846
26,46,male,5_11,not_easy,not_easy,easy,not_easy,easy,easy,easy,easy,yes,NA,NA,private_school,18000,remote_online_learning,yes,20/4/2020 0:00,primary_school,2,i_do_not_know__i_do_not_understand_what_,yes,NA,yes,NA,NA,NA,NA,16.06153846
26,8,female,5_11,not_easy,not_easy,easy,not_easy,easy,easy,easy,easy,yes,NA,NA,private_school,20000,remote_online_learning,yes,20/4/2017 0:00,primary_school,5,i_do_not_know__i_do_not_understand_what_,yes,NA,yes,NA,NA,NA,NA,16.06153846
27,36,female,5_11,easy,not_easy,not_easy,not_easy,none,none,none,none,yes,NA,NA,private_school,12000,remote_online_learning,yes,3/10/2015 0:00,pre_school_kindergarten,NA,i_do_not_know__i_do_not_understand_what_,yes,NA,yes,NA,NA,NA,NA,16.06153846
27,63,female,5_11,easy,not_easy,not_easy,not_easy,none,none,none,none,yes,NA,NA,private_school,12000,classroom_learning,yes,3/10/2015 0:00,pre_school_kindergarten,NA,i_do_not_know__i_do_not_understand_what_,yes,NA,yes,NA,NA,NA,NA,16.06153846
28,23,female,12_17,easy,not_easy,easy,easy,easy,easy,easy,easy,no,the_school_cannot_enrol_my_chi,6,NA,NA,NA,NA,NA,NA,NA,NA,NA,NA,NA,NA,NA,NA,NA,16.06153846
28,11,female,0_4,not_easy,none,easy,none,not_easy,none,easy,none,no,the_school_cannot_enrol_my_chi,0,NA,NA,NA,NA,NA,NA,NA,NA,NA,NA,NA,NA,NA,NA,NA,16.06153846
28,4,female,12_17,not_easy,easy,easy,easy,easy,easy,easy,not_easy,no,the_school_cannot_enrol_my_chi,8,NA,NA,NA,NA,NA,NA,NA,NA,NA,NA,NA,NA,NA,NA,NA,16.06153846
29,42,female,0_4,none,not_easy,not_easy,none,not_easy,not_easy,easy,none,no,the_tuition_fee_is_too_expensi,0,NA,NA,NA,NA,NA,NA,NA,NA,NA,NA,NA,NA,NA,NA,NA,16.06153846
3,44,female,5_11,not_easy,not_easy,not_easy,not_easy,not_easy,not_easy,not_easy,not_easy,yes,NA,NA,public_school,NA,NA,NA,8/10/2019 0:00,primary_school,10,yes,yes,NA,yes,NA,NA,NA,NA,16.06153846
3,52,male,5_11,not_easy,not_easy,not_easy,not_easy,not_easy,not_easy,not_easy,not_easy,yes,NA,NA,public_school,NA,NA,NA,8/10/2019 0:00,primary_school,11,yes,yes,NA,yes,NA,NA,NA,NA,16.06153846
3,30,male,12_17,not_easy,not_easy,not_easy,not_easy,not_easy,not_easy,not_easy,not_easy,yes,NA,NA,public_school,NA,NA,NA,8/10/2019 0:00,primary_school,12,yes,yes,NA,yes,NA,NA,NA,NA,16.06153846
30,26,female,5_11,easy,not_easy,not_easy,not_easy,none,none,none,none,yes,NA,NA,private_school,4000,classroom_learning,yes,21/9/2015 0:00,primary_school,6,no,no,the_school_does_not_allow_him_,no,0,0,1,0,16.06153846
31,20,male,0_4,easy,none,easy,none,easy,easy,easy,easy,no,the_tuition_fee_is_too_expensi,1,NA,NA,NA,NA,NA,NA,NA,NA,NA,NA,NA,NA,NA,NA,NA,16.06153846
32,6,male,5_11,none,none,easy,none,not_easy,none,easy,none,no,the_school_cannot_enrol_my_chi,0,NA,NA,NA,NA,NA,NA,NA,NA,NA,NA,NA,NA,NA,NA,NA,16.06153846
32,18,male,5_11,none,none,easy,none,not_easy,none,easy,none,no,the_school_cannot_enrol_my_chi,0,NA,NA,NA,NA,NA,NA,NA,NA,NA,NA,NA,NA,NA,NA,NA,16.06153846
33,59,female,5_11,easy,easy,none,none,none,none,none,none,yes,NA,NA,private_school,4000,classroom_learning,yes,20/9/2015 0:00,primary_school,6,no,no,the_school_does_not_allow_him_,no,0,0,1,0,16.06153846
34,50,female,12_17,easy,easy,easy,not_easy,not_easy,not_easy,not_easy,not_easy,yes,NA,NA,public_school,NA,NA,NA,29/11/2018 0:00,junior_high_school__year_7_9,7,i_do_not_know__i_do_not_understand_what_,yes,NA,yes,NA,NA,NA,NA,16.06153846
35,33,female,5_11,easy,none,easy,none,not_easy,none,not_easy,none,no,my_child_has_completed_junior_,0,NA,NA,NA,NA,NA,NA,NA,NA,NA,NA,NA,NA,NA,NA,NA,16.06153846
35,56,male,5_11,easy,easy,easy,easy,easy,easy,easy,easy,yes,NA,NA,public_school,NA,NA,NA,1/9/2017 0:00,primary_school,5,i_do_not_know__i_do_not_understand_what_,yes,NA,yes,NA,NA,NA,NA,16.06153846
35,14,male,12_17,easy,easy,easy,easy,easy,easy,easy,easy,yes,NA,NA,public_school,NA,NA,NA,1/9/2013 0:00,junior_high_school__year_7_9,9,i_do_not_know__i_do_not_understand_what_,yes,NA,yes,NA,NA,NA,NA,16.06153846
36,55,male,0_4,none,none,none,none,easy,not_easy,easy,none,yes,NA,NA,public_school,NA,NA,NA,6/9/2021 0:00,pre_school_kindergarten,NA,i_do_not_know__i_do_not_understand_what_,no,my_child_just_started_year_1_t,yes,NA,NA,NA,NA,16.06153846
37,37,female,12_17,easy,easy,easy,not_easy,not_easy,not_easy,not_easy,not_easy,yes,NA,NA,public_school,NA,NA,NA,1/10/2021 0:00,junior_high_school__year_7_9,7,i_do_not_know__i_do_not_understand_what_,yes,NA,yes,NA,NA,NA,NA,16.06153846
4,16,female,5_11,easy,easy,easy,none,not_easy,easy,easy,not_easy,yes,NA,NA,private_school,1100,classroom_learning,yes,20/6/2018 0:00,primary_school,4,i_do_not_know__i_do_not_understand_what_,yes,NA,yes,NA,NA,NA,NA,16.06153846
5,65,female,12_17,easy,easy,easy,not_easy,not_easy,not_easy,not_easy,not_easy,yes,NA,NA,public_school,NA,NA,NA,29/11/2018 0:00,junior_high_school__year_7_9,7,i_do_not_know__i_do_not_understand_what_,yes,NA,yes,NA,NA,NA,NA,16.06153846
6,39,female,12_17,none,none,none,none,easy,easy,easy,easy,no,my_child_has_completed_junior_,6,NA,NA,NA,NA,NA,NA,NA,NA,NA,NA,NA,NA,NA,NA,NA,16.06153846
6,1,female,5_11,none,none,none,none,none,none,none,none,yes,NA,NA,public_school,NA,NA,NA,1/9/2021 0:00,primary_school,8,yes,no,my_child_just_started_year_1_t,yes,NA,NA,NA,NA,16.06153846
6,27,male,12_17,none,none,none,none,easy,easy,easy,easy,no,my_child_has_completed_junior_,4,NA,NA,NA,NA,NA,NA,NA,NA,NA,NA,NA,NA,NA,NA,NA,16.06153846
7,38,female,5_11,easy,none,easy,none,easy,none,easy,none,yes,NA,NA,private_school,6000,classroom_learning,yes,1/3/2021 0:00,pre_school_kindergarten,NA,i_do_not_know__i_do_not_understand_what_,no,there_are_no_final_term_exams,yes,NA,NA,NA,NA,16.06153846
8,45,female,5_11,easy,not_easy,easy,not_easy,easy,easy,easy,easy,yes,NA,NA,public_school,NA,NA,NA,21/9/2021 0:00,primary_school,3,no,yes,NA,yes,NA,NA,NA,NA,16.06153846
9,29,female,5_11,not_easy,not_easy,easy,not_easy,not_easy,easy,easy,easy,yes,NA,NA,public_school,NA,NA,NA,3/9/2021 0:00,primary_school,9,yes,no,my_child_just_started_year_1_t,yes,NA,NA,NA,NA,16.06153846
9,2,male,5_11,easy,not_easy,easy,not_easy,not_easy,easy,easy,easy,yes,NA,NA,public_school,NA,NA,NA,3/9/2021 0:00,primary_school,11,yes,no,my_child_just_started_year_1_t,yes,NA,NA,NA,NA,16.06153846
